solver,puzzle_id,category,givens,solved,nodes_explored,assignments_tried,constraint_checks,candidate_eliminations,domain_lookups,propagated_assignments,hidden_singles_found,naked_pairs_found,columns_covered,restarts,conflicts,timed_out,runtime_median_s,runtime_all_s,num_runs
brute_force,easy_01,easy,30,False,1271386,1271385,3041469,0,0,0,0,0,0,0,0,True,5.004233624997141,5.004234,1
brute_force_row_pruned,easy_01,easy,30,False,619068,5570991,5419712,0,0,0,0,0,0,0,0,True,5.00100791699515,5.001008,1
brute_force_row_box_pruned,easy_01,easy,30,False,382087,3437991,5041735,0,0,0,0,0,0,0,0,True,5.003375584004971,5.003376,1
backtracking,easy_01,easy,30,True,4209,37652,37652,0,0,0,0,0,0,0,0,False,0.026147915996261872,0.026148;0.026203;0.026094;0.026154;0.026125,5
mrv,easy_01,easy,30,True,52,51,11934,0,0,0,0,0,0,0,0,False,0.006740415999956895,0.006785;0.006761;0.006725;0.006732;0.006740,5
forward_checking,easy_01,easy,30,True,52,51,459,102,0,0,0,0,0,0,0,False,0.0006370420014718547,0.000759;0.000664;0.000635;0.000635;0.000637,5
mrv_degree,easy_01,easy,30,True,52,51,11934,0,0,0,0,0,0,0,0,False,0.0075638749985955656,0.007564;0.007578;0.007564;0.007545;0.007550,5
lcv,easy_01,easy,30,True,52,51,459,102,313,0,0,0,0,0,0,False,0.0007506670008297078,0.000778;0.000764;0.000751;0.000744;0.000740,5
ac3,easy_01,easy,30,True,1,0,459,102,0,51,0,0,0,0,0,False,0.00045112500083632767,0.000496;0.000456;0.000451;0.000448;0.000451,5
human_technique,easy_01,easy,30,True,1,0,459,102,0,51,0,0,0,0,0,False,0.0005071250052424148,0.000539;0.000519;0.000504;0.000507;0.000505,5
dlx,easy_01,easy,30,True,52,51,0,0,0,0,0,0,324,0,0,False,0.0014638329957961105,0.004687;0.001361;0.001464;0.001313;0.002460,5
sat,easy_01,easy,30,True,1,0,0,648,0,81,0,0,0,0,0,False,0.0047770419987500645,0.005190;0.004777;0.004767;0.004750;0.014548,5
min_conflicts,easy_01,easy,30,True,12031,56483,11595390,0,0,0,0,0,0,2,0,False,1.7330562499992084,1.724744;1.732333;1.750447;1.736215;1.733056,5
cp_sat,easy_01,easy,30,True,0,0,0,0,0,0,0,0,0,0,0,False,0.0009507909999229014,0.003533;0.001039;0.000951;0.000913;0.000885,5
brute_force,easy_02,easy,36,False,1207342,1207341,3100452,0,0,0,0,0,0,0,0,True,5.002430540997011,5.002431,1
brute_force_row_pruned,easy_02,easy,36,False,560065,5039991,5621613,0,0,0,0,0,0,0,0,True,5.009092583000893,5.009093,1
brute_force_row_box_pruned,easy_02,easy,36,False,501064,4508991,5328789,0,0,0,0,0,0,0,0,True,5.000785708005424,5.000786,1
backtracking,easy_02,easy,36,True,260,2152,2152,0,0,0,0,0,0,0,0,False,0.0015607499954057857,0.001583;0.001551;0.001561;0.001563;0.001553,5
mrv,easy_02,easy,36,True,46,45,9315,0,0,0,0,0,0,0,0,False,0.0050245000020368025,0.005024;0.005025;0.005015;0.005049;0.005035,5
forward_checking,easy_02,easy,36,True,46,45,405,75,0,0,0,0,0,0,0,False,0.0005223330008448102,0.000565;0.000522;0.000520;0.000525;0.000511,5
mrv_degree,easy_02,easy,36,True,46,45,9315,0,0,0,0,0,0,0,0,False,0.005359124996175524,0.005359;0.005363;0.005344;0.005365;0.005353,5
lcv,easy_02,easy,36,True,46,45,405,75,245,0,0,0,0,0,0,False,0.0006055420017219149,0.000623;0.000618;0.000606;0.000599;0.000600,5
ac3,easy_02,easy,36,True,2,1,405,75,0,44,0,0,0,0,0,False,0.0003818340046564117,0.000402;0.000388;0.000382;0.000381;0.000382,5
human_technique,easy_02,easy,36,True,2,1,405,75,261,44,2,0,0,0,0,False,0.0005359580027288757,0.000571;0.000541;0.000536;0.000530;0.000528,5
dlx,easy_02,easy,36,True,46,45,0,0,0,0,0,0,324,0,0,False,0.0012772920017596334,0.001302;0.001277;0.001251;0.002525;0.001242,5
sat,easy_02,easy,36,True,2,1,0,648,0,81,0,0,0,0,0,False,0.004578374995617196,0.005382;0.004593;0.004578;0.004570;0.004557,5
min_conflicts,easy_02,easy,36,True,27643,117930,23607286,0,0,0,0,0,0,5,0,False,3.5627475420042174,3.571469;3.560392;3.562748;3.585660;3.542325,5
cp_sat,easy_02,easy,36,True,0,0,0,0,0,0,0,0,0,0,0,False,0.0009933330002240837,0.001418;0.001088;0.000993;0.000957;0.000939,5
brute_force,medium_01,medium,30,False,2331379,2331378,2071957,0,0,0,0,0,0,0,0,True,5.00222683299944,5.002227,1
brute_force_row_pruned,medium_01,medium,30,False,562059,5057991,5472876,0,0,0,0,0,0,0,0,True,5.009830166003667,5.009830,1
brute_force_row_box_pruned,medium_01,medium,30,False,482035,4337991,5133266,0,0,0,0,0,0,0,0,True,5.010782040997583,5.010782,1
backtracking,medium_01,medium,30,True,6805,61044,61044,0,0,0,0,0,0,0,0,False,0.04272816600132501,0.043219;0.042811;0.042728;0.042629;0.042650,5
mrv,medium_01,medium,30,True,117,116,27396,0,0,0,0,0,0,0,0,False,0.015466790995560586,0.015503;0.015452;0.015467;0.015471;0.015429,5
forward_checking,medium_01,medium,30,True,111,116,459,333,0,0,0,0,0,0,0,False,0.001088915996660944,0.001209;0.001089;0.001098;0.001080;0.001076,5
mrv_degree,medium_01,medium,30,True,58,57,13338,0,0,0,0,0,0,0,0,False,0.008737666001252364,0.008783;0.008808;0.008727;0.008725;0.008738,5
lcv,medium_01,medium,30,True,109,114,459,291,808,0,0,0,0,0,0,False,0.001295082998694852,0.001329;0.001313;0.001290;0.001295;0.001288,5
ac3,medium_01,medium,30,True,12,17,459,274,0,94,0,0,0,0,0,False,0.0006965409993426874,0.000734;0.000695;0.000697;0.000717;0.000692,5
human_technique,medium_01,medium,30,True,6,5,459,137,6111,46,11,0,0,0,0,False,0.0014935830040485598,0.001536;0.001488;0.001494;0.001470;0.001494,5
dlx,medium_01,medium,30,True,52,51,0,0,0,0,0,0,324,0,0,False,0.0013553329990827478,0.001486;0.001355;0.002114;0.001333;0.001287,5
sat,medium_01,medium,30,True,3,2,0,648,0,81,0,0,0,0,0,False,0.004548709002847318,0.005556;0.004475;0.004457;0.013773;0.004549,5
min_conflicts,medium_01,medium,30,True,10875,47600,10361938,0,0,0,0,0,0,2,0,False,1.5457114590026322,1.542316;1.549069;1.551326;1.545711;1.540518,5
cp_sat,medium_01,medium,30,True,447,0,0,0,0,0,0,0,0,0,0,False,0.0041229580019717105,0.004988;0.004226;0.004123;0.004014;0.004003,5
brute_force,medium_02,medium,28,False,1282411,1282410,2991980,0,0,0,0,0,0,0,0,True,5.002622249994602,5.002622,1
brute_force_row_pruned,medium_02,medium,28,False,503076,4526991,5130664,0,0,0,0,0,0,0,0,True,5.008854250001605,5.008854,1
brute_force_row_box_pruned,medium_02,medium,28,False,460123,4139991,5146368,0,0,0,0,0,0,0,0,True,5.009245499997633,5.009245,1
backtracking,medium_02,medium,28,True,16846,151375,151375,0,0,0,0,0,0,0,0,False,0.10561308299656957,0.105363;0.105621;0.105613;0.105641;0.105503,5
mrv,medium_02,medium,28,True,54,53,12879,0,0,0,0,0,0,0,0,False,0.007913417000963818,0.007913;0.007900;0.007932;0.007926;0.007908,5
forward_checking,medium_02,medium,28,True,54,53,477,150,0,0,0,0,0,0,0,False,0.0007044580052024685,0.000759;0.000707;0.000704;0.000696;0.000695,5
mrv_degree,medium_02,medium,28,True,68,67,17532,0,0,0,0,0,0,0,0,False,0.011545250003109686,0.011572;0.011524;0.011565;0.011529;0.011545,5
lcv,medium_02,medium,28,True,99,102,477,305,800,0,0,0,0,0,0,False,0.0013116249974700622,0.001348;0.001312;0.001313;0.001302;0.001302,5
ac3,medium_02,medium,28,True,10,9,477,150,0,44,0,0,0,0,0,False,0.0005599160067504272,0.000585;0.000568;0.000560;0.000555;0.000556,5
human_technique,medium_02,medium,28,True,12,11,477,148,15574,42,11,3,0,0,0,False,0.0027367500006221235,0.002792;0.002746;0.002737;0.002717;0.002720,5
dlx,medium_02,medium,28,True,54,53,0,0,0,0,0,0,324,0,0,False,0.0012970000025234185,0.001359;0.001670;0.001297;0.001280;0.001277,5
sat,medium_02,medium,28,True,6,5,0,648,0,81,0,0,0,0,0,False,0.0043112499988637865,0.005905;0.004318;0.004311;0.004303;0.004272,5
min_conflicts,medium_02,medium,28,True,3259,16402,3280238,0,0,0,0,0,0,0,0,False,0.4841807909979252,0.483606;0.482778;0.484335;0.484226;0.484181,5
cp_sat,medium_02,medium,28,True,1605,0,0,0,0,0,0,0,0,0,0,False,0.007771041993692052,0.008492;0.007846;0.007768;0.007771;0.007734,5
brute_force,hard_01,hard,26,False,2321398,2321397,2063066,0,0,0,0,0,0,0,0,True,5.0011336660027155,5.001134,1
brute_force_row_pruned,hard_01,hard,26,False,537051,4832991,5093207,0,0,0,0,0,0,0,0,True,5.001745417001075,5.001745,1
brute_force_row_box_pruned,hard_01,hard,26,False,683125,6146991,5666082,0,0,0,0,0,0,0,0,True,5.006419375000405,5.006419,1
backtracking,hard_01,hard,26,True,184,1439,1439,0,0,0,0,0,0,0,0,False,0.0011008750007022172,0.001112;0.001101;0.001103;0.001089;0.001100,5
mrv,hard_01,hard,26,True,56,55,13860,0,0,0,0,0,0,0,0,False,0.008961749997979496,0.009113;0.009011;0.008962;0.008891;0.008874,5
forward_checking,hard_01,hard,26,True,56,55,495,157,0,0,0,0,0,0,0,False,0.0007379579983535223,0.001012;0.000741;0.000738;0.000732;0.000736,5
mrv_degree,hard_01,hard,26,True,58,57,14076,0,0,0,0,0,0,0,0,False,0.009892292000586167,0.009903;0.009853;0.009905;0.009861;0.009892,5
lcv,hard_01,hard,26,True,56,55,495,157,455,0,0,0,0,0,0,False,0.0008839580041239969,0.000900;0.000884;0.000894;0.000868;0.000870,5
ac3,hard_01,hard,26,True,13,12,495,157,0,43,0,0,0,0,0,False,0.0006028329953551292,0.000614;0.000596;0.000615;0.000603;0.000591,5
human_technique,hard_01,hard,26,True,13,12,495,157,27017,43,7,9,0,0,0,False,0.004141125005844515,0.004181;0.004141;0.004134;0.004146;0.004121,5
dlx,hard_01,hard,26,True,56,55,0,0,0,0,0,0,324,0,0,False,0.00135937499726424,0.001409;0.001359;0.001304;0.001268;0.002993,5
sat,hard_01,hard,26,True,13,13,0,667,0,88,0,0,0,0,1,False,0.0049302499974146485,0.005196;0.014728;0.004930;0.004910;0.004878,5
min_conflicts,hard_01,hard,26,True,25160,140210,26561126,0,0,0,0,0,0,5,0,False,3.953185458005464,3.942750;3.952821;3.953185;3.962616;3.984212,5
cp_sat,hard_01,hard,26,True,1445,0,0,0,0,0,0,0,0,0,0,False,0.006114165997132659,0.007225;0.006308;0.006114;0.006060;0.006087,5
brute_force,hard_02,hard,24,False,2340433,2340432,2079951,0,0,0,0,0,0,0,0,True,5.0003310829997645,5.000331,1
brute_force_row_pruned,hard_02,hard,24,False,813119,7316991,6796652,0,0,0,0,0,0,0,0,True,5.000965874998656,5.000966,1
brute_force_row_box_pruned,hard_02,hard,24,False,798118,7181991,6460255,0,0,0,0,0,0,0,0,True,5.0028458750020945,5.002846,1
backtracking,hard_02,hard,24,True,9707,87140,87140,0,0,0,0,0,0,0,0,False,0.059461291995830834,0.059461;0.059471;0.059436;0.059552;0.059424,5
mrv,hard_02,hard,24,True,65,64,16857,0,0,0,0,0,0,0,0,False,0.010360749998653773,0.010421;0.010345;0.010361;0.010402;0.010358,5
forward_checking,hard_02,hard,24,True,64,64,513,193,0,0,0,0,0,0,0,False,0.0008455830029561184,0.000931;0.000842;0.000854;0.000839;0.000846,5
mrv_degree,hard_02,hard,24,True,92,91,22671,0,0,0,0,0,0,0,0,False,0.014772957998502534,0.014712;0.014819;0.014773;0.014716;0.014785,5
lcv,hard_02,hard,24,True,58,57,513,168,459,0,0,0,0,0,0,False,0.0009282079990953207,0.000967;0.000928;0.000954;0.000920;0.000922,5
ac3,hard_02,hard,24,True,10,10,513,178,0,52,0,0,0,0,0,False,0.0006239170033950359,0.000640;0.000624;0.000624;0.000616;0.000625,5
human_technique,hard_02,hard,24,True,8,7,513,168,8368,50,10,0,0,0,0,False,0.0018750000017462298,0.001967;0.001875;0.001862;0.001872;0.001881,5
dlx,hard_02,hard,24,True,58,57,0,0,0,0,0,0,324,0,0,False,0.0013187500007916242,0.001342;0.001305;0.002280;0.001277;0.001319,5
sat,hard_02,hard,24,True,7,7,0,662,0,90,0,0,0,0,1,False,0.004567500000121072,0.005551;0.004612;0.004557;0.004568;0.004510,5
min_conflicts,hard_02,hard,24,True,30987,181521,33980496,0,0,0,0,0,0,6,0,False,5.066967083999771,5.060474;5.058907;5.084868;5.113831;5.066967,5
cp_sat,hard_02,hard,24,True,944,0,0,0,0,0,0,0,0,0,0,False,0.0046422500017797574,0.005416;0.004818;0.004642;0.004588;0.004473,5
brute_force,extreme_01,extreme,23,False,2366425,2366424,2103063,0,0,0,0,0,0,0,0,True,5.001230792004208,5.001231,1
brute_force_row_pruned,extreme_01,extreme,23,False,526128,4733991,5628412,0,0,0,0,0,0,0,0,True,5.004152334004175,5.004152,1
brute_force_row_box_pruned,extreme_01,extreme,23,False,473132,4256991,5385666,0,0,0,0,0,0,0,0,True,5.000426582999353,5.000427,1
backtracking,extreme_01,extreme,23,True,8970,80491,80491,0,0,0,0,0,0,0,0,False,0.05531633300415706,0.055295;0.055291;0.055316;0.055393;0.055417,5
mrv,extreme_01,extreme,23,True,218,217,56916,0,0,0,0,0,0,0,0,False,0.033597082998312544,0.033603;0.033608;0.033578;0.033596;0.033597,5
forward_checking,extreme_01,extreme,23,True,210,217,522,627,0,0,0,0,0,0,0,False,0.001900082999782171,0.002301;0.001912;0.001895;0.001900;0.001895,5
mrv_degree,extreme_01,extreme,23,True,1071,1070,340272,0,0,0,0,0,0,0,0,False,0.21382541599450633,0.213825;0.213749;0.213756;0.213934;0.214013,5
lcv,extreme_01,extreme,23,True,1626,1702,522,5319,12880,0,0,0,0,0,0,False,0.016664750000927597,0.016790;0.016689;0.016665;0.016640;0.016633,5
ac3,extreme_01,extreme,23,True,15,22,522,537,0,181,0,0,0,0,0,False,0.0010536660047364421,0.001078;0.001054;0.001054;0.001054;0.001042,5
human_technique,extreme_01,extreme,23,True,14,21,522,660,36163,236,28,8,0,0,0,False,0.005802207997476216,0.005878;0.005802;0.005775;0.005789;0.005816,5
dlx,extreme_01,extreme,23,True,146,145,0,0,0,0,0,0,667,0,0,False,0.001688958000158891,0.001765;0.002226;0.001689;0.001673;0.001663,5
sat,extreme_01,extreme,23,True,54,101,0,2897,0,1001,0,0,0,0,48,False,0.01074841599620413,0.021761;0.010756;0.010748;0.010697;0.010658,5
min_conflicts,extreme_01,extreme,23,False,31000,169277,34109224,0,0,0,0,0,0,6,0,True,5.099896791005449,5.099897,1
cp_sat,extreme_01,extreme,23,True,1895,0,0,0,0,0,0,0,0,0,36,False,0.008341708002262749,0.009027;0.008384;0.008269;0.008342;0.008193,5
brute_force,extreme_02,extreme,22,False,1626445,1626444,2713419,0,0,0,0,0,0,0,0,True,5.000792499995441,5.000792,1
brute_force_row_pruned,extreme_02,extreme,22,False,569074,5120991,5611728,0,0,0,0,0,0,0,0,True,5.0013811249955324,5.001381,1
brute_force_row_box_pruned,extreme_02,extreme,22,False,553065,4976991,5287987,0,0,0,0,0,0,0,0,True,5.008567749995564,5.008568,1
backtracking,extreme_02,extreme,22,True,198,1553,1553,0,0,0,0,0,0,0,0,False,0.0011453330007498153,0.001182;0.001141;0.001145;0.001145;0.001162,5
mrv,extreme_02,extreme,22,True,60,59,15930,0,0,0,0,0,0,0,0,False,0.01062412500323262,0.010624;0.010583;0.010600;0.010742;0.010650,5
forward_checking,extreme_02,extreme,22,True,60,59,531,200,0,0,0,0,0,0,0,False,0.0008365410030819476,0.000906;0.000837;0.000835;0.000838;0.000835,5
mrv_degree,extreme_02,extreme,22,True,60,59,15930,0,0,0,0,0,0,0,0,False,0.011091708001913503,0.011092;0.011137;0.011092;0.011061;0.011052,5
lcv,extreme_02,extreme,22,True,60,59,531,198,570,0,0,0,0,0,0,False,0.0010045829985756427,0.001033;0.000997;0.001006;0.000995;0.001005,5
ac3,extreme_02,extreme,22,True,14,13,531,200,0,46,0,0,0,0,0,False,0.0006722079997416586,0.000696;0.000686;0.000672;0.000671;0.000665,5
human_technique,extreme_02,extreme,22,True,15,14,531,199,25772,45,10,6,0,0,0,False,0.004048415998113342,0.004075;0.004048;0.004066;0.004020;0.004016,5
dlx,extreme_02,extreme,22,True,60,59,0,0,0,0,0,0,324,0,0,False,0.0013187079966883175,0.001419;0.001319;0.001305;0.001303;0.002611,5
sat,extreme_02,extreme,22,True,16,16,0,656,0,85,0,0,0,0,1,False,0.004871500001172535,0.005181;0.004872;0.004865;0.004870;0.014938,5
min_conflicts,extreme_02,extreme,22,True,106,605,119120,0,0,0,0,0,0,0,0,False,0.017824875001679175,0.017825;0.017820;0.017883;0.017828;0.017681,5
cp_sat,extreme_02,extreme,22,True,2308,0,0,0,0,0,0,0,0,0,1,False,0.007595958006277215,0.008286;0.007773;0.007574;0.007596;0.007580,5
